molecule_chembl_id,class_label,canonical_smiles,MW,LogP,NumHDonors,NumHAcceptors,pIC50
CHEMBL185698,inactive,O=C1C(=O)N(CC2COc3ccccc3O2)c2ccc(I)cc21,421.19000000000005,2.6605000000000008,0.0,4.0,4.8696662315049934
CHEMBL426082,inactive,O=C1C(=O)N(Cc2cc3ccccc3s2)c2ccccc21,293.34700000000004,3.6308000000000016,0.0,3.0,4.8823973083099155
CHEMBL365134,active,O=C1C(=O)N(Cc2cc3ccccc3s2)c2c(Br)cccc21,372.24300000000005,4.393300000000003,0.0,3.0,6.008773924307505
CHEMBL190743,active,O=C1C(=O)N(Cc2cc3ccccc3s2)c2ccc(I)cc21,419.24300000000005,4.235400000000002,0.0,3.0,6.022276394711152
CHEMBL365469,inactive,O=C1C(=O)N(Cc2cc3ccccc3s2)c2cccc(Cl)c21,327.7920000000001,4.284200000000002,0.0,3.0,4.950781977329818
CHEMBL188983,inactive,O=C1C(=O)N(C/C=C/c2cc3ccccc3s2)c2ccc(I)cc21,445.28100000000006,4.748600000000002,0.0,3.0,4.628932137728263
CHEMBL191575,inactive,O=C(Nc1ccc(Cl)cc1)c1ccc(CN2C(=O)C(=O)c3cc(I)ccc32)s1,522.7510000000001,4.987900000000002,1.0,4.0,4.900664722314042
CHEMBL370923,inactive,O=C1C(=O)N(Cc2ccc(C(=O)N3CCCCC3)s2)c2ccc(I)cc21,480.327,3.708300000000003,0.0,4.0,4.756961951313706
CHEMBL194398,inactive,CCOC(=O)/C=C/[C@H](C[C@@H]1CCNC1=O)NC(=O)[C@@H](CC(=O)[C@@H](NC(=O)c1cc(C)on1)C(C)C)Cc1ccccc1,580.6820000000004,2.6858200000000014,3.0,8.0,4.346787486224656
CHEMBL196635,inactive,CCOC(=O)/C=C/[C@H](C[C@@H]1CCNC1=O)NC(=O)[C@H](CC=C(C)C)CC(=O)[C@@H](NC(=O)c1cc(C)on1)C(C)C,558.6760000000003,2.7994200000000014,3.0,8.0,4.154901959985743
CHEMBL209287,inactive,CCCCN1C(=O)C(=O)c2cc(I)ccc21,329.137,2.6206000000000014,0.0,2.0,4.180456064458132
CHEMBL358279,active,NC(=O)c1ccc2c(c1)C(=O)C(=O)N2Cc1ccc2ccccc2c1,330.34299999999996,2.6682000000000006,1.0,3.0,6.431798275933005
CHEMBL348660,inactive,NC(=O)c1ccc2c(c1)C(=O)C(=O)N2Cc1ccccc1,280.28299999999996,1.5150000000000001,1.0,3.0,4.903089986991944
CHEMBL379727,inactive,CCCCN1C(=O)C(=O)c2cc(C(N)=O)ccc21,246.26599999999996,1.1148999999999998,1.0,3.0,4.721246399047171
CHEMBL210525,inactive,CCCN1C(=O)C(=O)c2cc(C(N)=O)ccc21,232.23899999999998,0.7248,1.0,3.0,4.6020599913279625
CHEMBL148483,inactive,CN1C(=O)C(=O)c2cc(C(N)=O)ccc21,204.18499999999997,-0.05540000000000028,1.0,3.0,4.1487416512809245
CHEMBL118596,inactive,O=C1C(=O)N(Cc2ccccc2)c2ccc(I)cc21,363.15400000000005,3.0207000000000015,0.0,2.0,4.301029995663981
CHEMBL210146,inactive,COc1cccc(-c2nc(SCC(=O)Nc3ccc([N+](=O)[O-])cc3)nc(O)c2C#N)c1,437.4370000000002,3.3684800000000017,2.0,9.0,3.5200000029339815
CHEMBL207458,inactive,CCOC(=O)c1cnc(SCC(=O)Nc2ccc([N+](=O)[O-])cc2)nc1N,377.3820000000001,1.8744999999999998,2.0,9.0,3.6000000054478725
CHEMBL207484,inactive,COC(OC)c1cc(O)nc(SCC(=O)Nc2ccc(C(F)(F)F)cc2)n1,403.38200000000006,3.223200000000001,2.0,7.0,3.690000009501577
CHEMBL207207,inactive,Cc1cc(O)nc(SCC(=O)Nc2cc(Cl)ccc2Oc2ccccc2)n1,401.8750000000001,4.667120000000002,2.0,6.0,4.0
CHEMBL210487,inactive,CCC(Sc1nc(O)c(C#N)c(-c2cccc(OC)c2)n1)C(=O)Nc1ccc(C(C)=O)cc1,462.53100000000023,4.441480000000004,2.0,8.0,4.219999989963101
CHEMBL380470,inactive,COc1ccc(NC(=O)CSc2nc(O)cc(-c3ccccc3)n2)cc1OC,397.45600000000013,3.5972000000000017,2.0,7.0,4.339999990132752
CHEMBL210612,inactive,CC(C)c1ccc(NC(=O)CSc2nccc(-c3cccs3)n2)cc1,369.51500000000004,5.059300000000004,1.0,5.0,4.389999976337708
CHEMBL209667,inactive,O=C(CSc1nccc(-c2cc(-c3ccccc3Cl)no2)n1)Nc1ccc(Cl)cc1,457.3420000000001,5.8362000000000025,1.0,6.0,4.820000071285178
CHEMBL210097,inactive,O=C(CSc1nccc(-c2cc(-c3ccc(Cl)cc3Cl)no2)n1)Nc1ccc(C(F)(F)F)cc1,525.3390000000002,6.855000000000004,1.0,6.0,4.820000071285178
CHEMBL378674,inactive,CSc1sc(-c2nc(C)cs2)c(C)c1-c1ccnc(SCC(=O)Nc2ccccc2Cl)n1,519.1420000000002,7.051540000000005,1.0,8.0,4.920000156997057
CHEMBL210216,inactive,Cc1nc(SCC(=O)Nc2ccc([N+](=O)[O-])cc2)nc(O)c1C,334.3570000000001,2.43804,2.0,7.0,3.0
CHEMBL210195,inactive,Cc1cc(C(F)(F)F)nc(SCC(=O)Nc2ccc(Cl)cc2F)n1,379.766,4.327120000000001,1.0,4.0,3.3000000031431456
CHEMBL210437,inactive,COc1ccc(-c2ccnc(SCC(=O)Nc3ccc(C(C)C)cc3)n2)cc1,393.51200000000006,5.006400000000004,1.0,5.0,3.389999997659038
CHEMBL378677,inactive,CC(C)(C)c1ccc(NC(=O)CSc2nc(O)c(C#N)c(C3CCCCC3)n2)cc1,424.5700000000003,5.129880000000004,2.0,6.0,3.44999999906189
CHEMBL210972,inactive,CC(Sc1nc(O)c(C#N)c(-c2ccccc2)n1)C(=O)Nc1ccc(Cl)cc1,410.8860000000001,4.493580000000002,2.0,6.0,3.5200000029339815
CHEMBL210145,inactive,CCOc1ccc(N2C(=O)CC(Sc3nc(C)cc(C)n3)C2=O)cc1,357.43500000000006,2.9163400000000017,0.0,6.0,3.5200000029339815
CHEMBL377225,inactive,N#Cc1c(O)nc(SCC(=O)Nc2cccc(C(F)(F)F)c2)nc1-c1ccccc1,430.41100000000006,4.470480000000003,2.0,6.0,3.690000009501577
CHEMBL210823,inactive,CCCCc1ccc(NC(=O)CSc2nc(O)c(C#N)c(C3CCCCC3)n2)c(C)c1,438.5970000000003,5.483400000000005,2.0,6.0,3.690000009501577
CHEMBL207381,inactive,CC(C)c1ccc(NC(=O)CSc2nccc(-c3csc(COc4ccccc4Cl)n3)n2)cc1,511.07200000000023,6.686700000000005,1.0,7.0,3.690000009501577
CHEMBL210511,inactive,Cc1cc(O)nc(SCC(=O)Nc2ccc(Oc3ccc(Cl)cc3)cc2)n1,401.87500000000006,4.667120000000002,2.0,6.0,3.690000009501577
CHEMBL210632,inactive,COc1cccc(-c2nc(SCC(=O)Nc3ccc(C(C)=O)cc3)nc(O)c2C#N)c1,434.4770000000002,3.662880000000002,2.0,8.0,4.219999989963101
CHEMBL210497,inactive,COc1cccc(-c2nc(SCC(=O)Nc3ccc(S(N)(=O)=O)cc3)nc(O)c2C#N)c1,471.5200000000002,2.10768,3.0,9.0,4.389999976337708
CHEMBL208584,inactive,CCCc1cc(O)nc(SCC(=O)Nc2ccc(Cl)cc2)n1,337.83200000000005,3.518900000000002,2.0,5.0,4.519999959791458
CHEMBL208763,inactive,O=C(CSc1nccc(-c2cc(-c3ccccc3)no2)n1)Nc1ccc(Cl)cc1,422.89700000000005,5.182800000000002,1.0,6.0,4.820000071285178
CHEMBL209227,inactive,Cc1nc(-c2nc(-c3ccnc(SCC(=O)Nc4ccc(Cl)cc4)n3)cs2)cs1,460.00900000000007,5.416220000000003,1.0,8.0,4.849999859991125
CHEMBL210092,inactive,CSc1sc(-c2nc(C)cs2)c(C)c1-c1ccnc(SCC(=O)Nc2ccc(Cl)cc2)n1,519.1420000000002,7.051540000000005,1.0,8.0,4.950000175844591
CHEMBL377150,inactive,Cn1nc(-c2ccc(-c3ccnc(SCC(=O)Nc4ccc(Cl)cc4)n3)s2)cc1C(F)(F)F,509.966,6.008600000000003,1.0,7.0,5.0
CHEMBL212454,active,O=C(Oc1ccc(S(=O)(=O)c2ccc(OC(=O)C(Cl)=C(Cl)Cl)cc2)cc1)C(Cl)=C(Cl)Cl,565.041,6.101200000000001,0.0,6.0,6.045757490560675
CHEMBL380403,inactive,O=[N+]([O-])c1cc(C(F)(F)F)ccc1S(=O)(=O)c1ccc(Cl)cc1,365.716,4.099800000000001,0.0,4.0,4.920818753952375
CHEMBL212504,inactive,Cc1nc(S(=O)(=O)c2ccccc2)c(C#N)c(C)c1[N+](=O)[O-],317.3260000000001,2.3111200000000007,0.0,6.0,4.886056647693163
CHEMBL211969,inactive,Cc1ccc(S(=O)(=O)c2nc(C)c([N+](=O)[O-])c(C)c2C#N)cc1,331.35300000000007,2.6195400000000006,0.0,6.0,4.886056647693163
CHEMBL384739,inactive,O=[N+]([O-])c1ccc(S(=O)(=O)c2ccc(Cl)cc2)[n+]([O-])c1,314.706,1.7143999999999997,0.0,5.0,4.823908740944319
CHEMBL215732,inactive,CCOC(=O)/C(C#N)=C/Nc1ccc(S(=O)(=O)c2ccc(/N=C/C(C#N)=C(\O)OCC)cc2)cc1,494.5290000000002,3.933860000000003,2.0,10.0,4.795880017344075
CHEMBL212240,inactive,O=C(O)c1ccc(S(=O)(=O)c2cc(Br)c(O)c(Br)c2)cc1,436.07700000000006,3.448200000000001,2.0,4.0,4.795880017344075
CHEMBL377253,inactive,CC(=O)c1ccccc1S(=O)(=O)c1ccccc1C(=O)O,304.32300000000004,2.4202000000000004,1.0,4.0,4.795880017344075
CHEMBL215397,inactive,O=[N+]([O-])c1ccc(S(=O)(=O)c2ccc([N+](=O)[O-])cc2)cc1,308.271,2.3358,0.0,6.0,4.6020599913279625
CHEMBL378342,inactive,CCOC(=O)C(=CNc1ccc(S(=O)(=O)c2ccc(/N=C/C(C(=O)OCC)=C(\O)OCC)cc2)cc1)C(=O)OCC,588.6350000000002,4.012900000000003,2.0,12.0,4.494850021680094
CHEMBL212190,inactive,Cc1oc(C(C)(C)C)cc1-c1cc(NS(=O)(=O)c2cccs2)[nH]n1,365.48,4.137920000000002,2.0,5.0,5.0
CHEMBL378700,inactive,CSc1[nH]nc(NC(=O)c2cccs2)c1S(=O)(=O)c1ccccc1,379.4880000000001,3.278200000000001,2.0,6.0,4.823908740944319
CHEMBL212019,inactive,CC1(C)CC(=O)c2c(NCc3ccco3)sc(C#N)c2C1,300.3830000000001,3.979980000000003,1.0,5.0,4.795880017344075
CHEMBL212399,inactive,CSc1nn(-c2c([N+](=O)[O-])c(C)nn2C)c(-c2cccs2)c1C#N,360.42400000000004,3.1445000000000016,0.0,9.0,4.7447274948966935
CHEMBL215733,inactive,O=S(=O)(Cc1[nH]c(-c2ccc(Cl)s2)c[s+]1)c1cccs1,362.93000000000006,4.774600000000001,1.0,4.0,4.7447274948966935
CHEMBL375130,inactive,Cc1nn(C)c(NCc2ccc(-c3cccs3)s2)c1[N+](=O)[O-],334.4260000000001,4.038820000000003,1.0,7.0,4.698970004336019
CHEMBL214372,inactive,O=C(Cc1nccs1)c1nccs1,210.28300000000002,2.025,0.0,5.0,4.3979400086720375
CHEMBL212218,active,Cc1cc(S(=O)(=O)c2c([N+](=O)[O-])cc(C(F)(F)F)cc2[N+](=O)[O-])c(Cl)cc1Cl,459.1850000000002,4.969820000000001,0.0,6.0,6.522878745280337
CHEMBL222840,active,O=C(Oc1cncc(Cl)c1)c1ccco1,223.615,2.5472,0.0,4.0,7.221848749616356
CHEMBL222769,active,O=C(Oc1cncc(Cl)c1)c1ccc(-c2ccc(Cl)cc2)o1,334.158,4.867600000000002,0.0,4.0,7.200659450546418
CHEMBL222735,active,COc1cccc(C(=O)Oc2cncc(Cl)c2)c1,263.68,2.9628000000000014,0.0,4.0,6.468521082957745
CHEMBL222628,active,O=C(Oc1cncc(Cl)c1)c1cscn1,240.67100000000002,2.4107000000000003,0.0,5.0,6.568636235841013
CHEMBL222893,active,O=C(Oc1cncc(Cl)c1)c1cc2ccccc2s1,289.74300000000005,4.168900000000002,0.0,4.0,7.022276394711152
CHEMBL225515,active,O=C(Oc1cncc(Cl)c1)c1cc2ccccc2[nH]1,272.69100000000003,3.435500000000001,1.0,3.0,7.187086643357144
CHEMBL222234,active,O=C(Oc1cncc(Br)c1)c1ccco1,268.066,2.6563000000000008,0.0,4.0,7.301029995663981
CHEMBL426898,active,O=C(Oc1cncc(Cl)c1)c1cc2ccccc2o1,273.67500000000007,3.700400000000002,0.0,4.0,6.769551078621726
CHEMBL269277,inactive,C=C(C)[C@@H]1CC[C@]2(C(=O)O)CC[C@]3(C)[C@H](CC[C@@H]4[C@@]5(C)CC[C@H](O)C(C)(C)[C@@H]5CC[C@]43C)[C@@H]12,456.7110000000003,7.089500000000009,2.0,2.0,5.0
CHEMBL1448,inactive,O=C(Nc1ccc([N+](=O)[O-])cc1Cl)c1cc(Cl)ccc1O,327.12300000000005,3.859500000000001,2.0,4.0,4.3979400086720375
CHEMBL116438,inactive,COc1cc(/C=C/C(=O)/C=C(O)/C=C/c2ccc(O)c(OC)c2)ccc1O,368.3850000000001,3.852600000000003,3.0,6.0,4.3979400086720375
CHEMBL395263,inactive,O=C1OC[C@H](Cc2ccc3c(c2)OCO3)/C1=C\c1ccc2c(c1)OCO2,352.3420000000001,2.943100000000002,0.0,6.0,4.6020599913279625
CHEMBL242011,inactive,O=C1OC[C@H](Cc2ccc3c(c2)OCO3)[C@H]1Cc1ccc2c(c1)OCO2,354.35800000000006,2.718400000000001,0.0,6.0,4.0
CHEMBL431525,inactive,C=C(C)[C@@H]1CC[C@]2(C(=O)O)CC[C@]3(C)[C@H](CC[C@@H]4[C@@]5(C)CCC(=O)C(C)(C)[C@@H]5CC[C@]43C)[C@@H]12,454.69500000000033,7.297700000000009,1.0,2.0,4.0
CHEMBL258787,inactive,CC(C)C[C@H](NC(=O)OCc1ccccc1)C(=O)NC(Cc1ccccc1)C(=O)C(F)(F)F,464.4840000000001,4.1864000000000035,2.0,4.0,4.823908740944319
CHEMBL2372143,inactive,CC(C)C[C@H](NC(=O)[C@@H](NC(=O)[C@H](C)NC(=O)OCc1ccccc1)C(C)C)C(=O)N[C@@H](Cc1ccccc1)C(=O)C(F)(F)F,634.6960000000004,3.8319000000000036,4.0,6.0,5.0
CHEMBL259622,inactive,CCCCCCCCC(=O)N[C@@H](CC(C)C)C(=O)NC(Cc1ccccc1)C(=O)C(F)(F)F,470.57600000000014,5.126800000000005,2.0,3.0,4.301029995663981
CHEMBL261189,inactive,CCCCCCCCCC(=O)N[C@@H](CC(C)C)C(=O)NC(Cc1ccccc1)C(=O)C(F)(F)F,484.6030000000001,5.516900000000005,2.0,3.0,4.301029995663981
CHEMBL265704,inactive,C[C@H](NC(=O)[C@@H](N)CCC(=O)O)C(=O)NCC(=O)C(F)(F)F,327.25899999999996,-1.0691999999999977,4.0,5.0,4.301029995663981
CHEMBL261402,inactive,C[C@H](NC(=O)[C@H](CCC(=O)OC(C)(C)C)NC(=O)OC(C)(C)C)C(=O)NCC(=O)C(F)(F)F,483.4840000000002,1.7538999999999985,3.0,7.0,4.3979400086720375
CHEMBL258581,inactive,CC(C)C[C@H](NC(=O)OC(C)(C)C)C(=O)NC(C)C(=O)C(F)(F)F,354.369,2.5619000000000005,2.0,4.0,4.3979400086720375
CHEMBL409422,inactive,O=C(N[C@@H](Cc1ccccc1)C(=O)NC(Cc1ccccc1)C(=O)C(F)(F)F)OCc1ccccc1,498.50100000000015,4.383000000000004,2.0,4.0,4.698970004336019
CHEMBL523052,inactive,O=C(CSc1nc(C2CCCCC2)nc2ccccc12)NCc1ccco1,381.50100000000003,4.679000000000004,1.0,5.0,4.739928612014925
CHEMBL495231,inactive,Cc1cc2cc(CN(CCc3ccccc3C)C(=O)NCc3ccccc3)c(=O)[nH]c2cc1C,453.5860000000002,5.407860000000005,2.0,2.0,4.764471553092451
CHEMBL468553,active,O=C(Oc1cncc(Cl)c1)c1cccs1,239.68300000000002,3.0157000000000007,0.0,4.0,6.301029995663981
CHEMBL1082811,inactive,N#Cc1c(-c2ccccc2)nc(SCc2ccccc2)[nH]c1=O,319.38899999999995,3.6008800000000027,1.0,4.0,4.301029995663981
CHEMBL1082812,inactive,N#Cc1c(-c2ccccc2)nc(SCCc2ccccc2)[nH]c1=O,333.41599999999994,3.6433800000000023,1.0,4.0,4.301029995663981
CHEMBL1083123,inactive,N#Cc1c(-c2ccccc2)nc(SCc2ccc([N+](=O)[O-])cc2)[nH]c1=O,364.386,3.5090800000000026,1.0,6.0,4.453457336521869
CHEMBL1083124,inactive,COc1ccc(-c2nc(SCc3ccccc3)[nH]c(=O)c2C#N)cc1,349.4150000000001,3.6094800000000014,1.0,5.0,4.301029995663981
CHEMBL1082714,inactive,COc1ccc(-c2nc(SCCc3ccccc3)[nH]c(=O)c2C#N)cc1,363.44200000000006,3.651980000000002,1.0,5.0,4.692503962086787
CHEMBL1082715,inactive,COc1ccc(-c2nc(SCc3ccc([N+](=O)[O-])cc3)[nH]c(=O)c2C#N)cc1,394.4120000000001,3.517680000000002,1.0,7.0,4.580044251510242
CHEMBL327313,inactive,Cc1ccc(-c2nc(SCc3ccccc3)[nH]c(=O)c2C#N)cc1,333.4160000000001,3.9093000000000027,1.0,4.0,4.301029995663981
CHEMBL1083958,inactive,Cc1ccc(-c2nc(SCCc3ccccc3)[nH]c(=O)c2C#N)cc1,347.4430000000001,3.951800000000002,1.0,4.0,4.301029995663981
CHEMBL1083959,inactive,Cc1ccc(-c2nc(SCc3ccc([N+](=O)[O-])cc3)[nH]c(=O)c2C#N)cc1,378.41300000000007,3.8175000000000026,1.0,6.0,4.301029995663981
CHEMBL1083286,inactive,N#Cc1c(-c2cccc([N+](=O)[O-])c2)nc(SCCc2ccccc2)[nH]c1=O,378.41300000000007,3.551580000000002,1.0,6.0,4.301029995663981
CHEMBL1082332,inactive,N#Cc1c(-c2cccc([N+](=O)[O-])c2)nc(SCc2ccc([N+](=O)[O-])cc2)[nH]c1=O,409.3830000000001,3.4172800000000025,1.0,8.0,4.97469413473523
CHEMBL1086234,inactive,N#Cc1c(-c2ccc(Cl)cc2)nc(SCCc2ccccc2)[nH]c1=O,367.86100000000005,4.296780000000003,1.0,4.0,4.772113295386326
CHEMBL1082334,inactive,N#Cc1c(-c2cccc(Cl)c2)nc(SCc2ccccc2)[nH]c1=O,353.834,4.254280000000002,1.0,4.0,4.301029995663981
CHEMBL187266,inactive,Cc1coc2c1C(=O)C(=O)c1c-2ccc2c1CCCC2(C)C,294.35,4.247920000000003,0.0,3.0,4.050122295963125
CHEMBL215254,inactive,Cc1coc2c1C(=O)C(=O)c1c-2ccc2c1CCCC2(C)CO,310.34900000000005,3.2203200000000023,1.0,4.0,4.605548319173784
CHEMBL2146517,inactive,COC(=O)[C@@]1(C)CCCc2c1ccc1c2C(=O)C(=O)c2c(C)coc2-1,338.3590000000001,3.4010200000000026,0.0,5.0,4.675717544702307
CHEMBL187460,inactive,C[C@H]1COC2=C1C(=O)C(=O)c1c2ccc2c1CCCC2(C)C,296.366,3.4433000000000025,0.0,3.0,3.6445484798734826
CHEMBL363535,inactive,Cc1coc2c1C(=O)C(=O)c1c-2ccc2c(C)cccc12,276.291,4.095640000000003,0.0,3.0,4.412289034981089
CHEMBL227075,inactive,Cc1cccc2c3c(ccc12)C1=C(C(=O)C3=O)[C@@H](C)CO1,278.307,3.2910200000000023,0.0,3.0,4.841637507904751
CHEMBL45830,inactive,CC(C)C1=Cc2ccc3c(c2C(=O)C1=O)CCCC3(C)C,282.3829999999999,4.105300000000004,0.0,2.0,4.675717544702307
CHEMBL2311736,active,CC(C)(C)NC(=O)C(c1cc[nH]n1)N(C(=O)c1ccco1)c1ccc(C(C)(C)C)cc1,422.5290000000002,4.603000000000004,2.0,4.0,6.522878745280337
CHEMBL2311734,active,CC(C)(C)NC(=O)C(c1ccccn1)N(C(=O)c1ccco1)c1ccc(C(C)(C)C)cc1,433.5520000000002,5.274900000000005,1.0,4.0,6.522878745280337
CHEMBL2311733,inactive,CC(C)(C)NC(=O)C(c1ccncc1)N(C(=O)c1ccco1)c1ccc(C(C)(C)C)cc1,433.5520000000002,5.274900000000005,1.0,4.0,4.346787486224656
CHEMBL2311732,active,Cc1ccc(C(C(=O)NC(C)(C)C)N(C(=O)c2ccco2)c2ccc(C(C)(C)C)cc2)cn1,447.5790000000002,5.583320000000005,1.0,4.0,6.522878745280337
CHEMBL2311730,inactive,CC(C)(C)NC(=O)C(c1ccnnc1)N(C(=O)c1ccco1)c1ccc(C(C)(C)C)cc1,434.5400000000002,4.669900000000005,1.0,5.0,5.0
CHEMBL2311729,inactive,Cn1cnc(C(=O)N(c2ccc(C(C)(C)C)cc2)C(C(=O)NC(C)(C)C)c2cccnc2)c1,447.5830000000002,4.4154000000000035,1.0,5.0,4.1249387366083
CHEMBL2311726,inactive,CC(C)(C)NC(=O)C(c1cccnc1)N(C(=O)c1ncco1)c1ccc(C(C)(C)C)cc1,434.5400000000002,4.669900000000005,1.0,5.0,4.327902142064283
CHEMBL2311705,inactive,CC(C)(C)NC(=O)C(c1cccnc1)N(C(=O)c1cccs1)c1ccc(C(C)(C)C)cc1,449.6200000000002,5.743400000000006,1.0,4.0,4.301029995663981
CHEMBL2311700,inactive,CC(C)(C)NC(=O)C(c1cccnc1)N(C(=O)c1cnco1)c1ccc(C(C)(C)C)cc1,434.5400000000002,4.669900000000005,1.0,5.0,4.4089353929735005
CHEMBL2311695,inactive,CC(C)c1ccc(N(C(=O)c2ccco2)C(C(=O)NC(C)(C)C)c2cccnc2)cc1,419.5250000000001,5.100800000000004,1.0,4.0,4.55129368009492
CHEMBL2311693,inactive,C=C(Cc1cccc(C)c1)C1=CC=C(c2ccc(C)cc2)C1,286.418,5.815840000000005,0.0,0.0,4.886056647693163
CHEMBL2311692,active,O=C(Oc1cncc(Br)c1)c1cccs1,284.13399999999996,3.1248000000000005,0.0,4.0,6.301029995663981
CHEMBL2311691,inactive,CCN(CC)c1ccc(C(=O)On2nnc3ccccc32)cc1,310.357,2.546500000000001,0.0,6.0,4.954677021213342
CHEMBL2397338,inactive,CC(C)C[C@@H]1NC(=O)[C@@H](NC(=O)OCc2ccccc2)Cc2cn(nn2)CCCNC(=O)CC[C@@H](C=O)NC1=O,555.6360000000003,0.6303000000000024,4.0,9.0,4.809668301829708
CHEMBL2402686,inactive,COc1ccccc1NCC(=O)N[C@@H](CC(C)C)C(=O)N[C@@H](C[C@@H]1CCNC1=O)C(=O)c1nc2ccccc2s1,565.6960000000003,3.1416000000000004,4.0,8.0,4.853871964321762
CHEMBL2402685,inactive,COc1cccc(NCC(=O)N[C@@H](CC(C)C)C(=O)N[C@@H](C[C@@H]2CCNC2=O)C(=O)c2nc3ccccc3s2)c1,565.6960000000003,3.1416000000000013,4.0,8.0,5.0
CHEMBL2402680,inactive,CC(C)C[C@H](NC(=O)COc1ccccc1)C(=O)N[C@@H](C[C@@H]1CCNC1=O)C(=O)c1nc2ccccc2s1,536.6540000000002,3.0999000000000017,3.0,7.0,4.619788758288394
CHEMBL2402508,inactive,COc1ccc(CC(=O)N[C@@H](CC(C)C)C(=O)N[C@@H](C[C@@H]2CCNC2=O)C(=O)c2nc3ccccc3s2)cc1,550.6810000000003,3.2722000000000016,3.0,7.0,4.366531544420414
CHEMBL2402501,inactive,CC(C)C[C@H](NC(=O)OCc1ccccc1)C(=O)N[C@@H](C[C@@H]1CCNC1=O)C(=O)c1nc2ccccc2s1,536.6540000000002,3.831100000000002,3.0,7.0,4.6777807052660805
CHEMBL1929019,active,CC(=O)N[C@@H](CO)C(=O)N[C@@H](C)C(=O)N[C@H](C(=O)N[C@@H](CC1CCCCC1)C(=O)N[C@H](C=O)Cc1c[nH]cn1)C(C)C,591.7100000000004,-0.7663999999999922,7.0,8.0,7.187086643357144
CHEMBL2402691,active,CC(=O)N[C@H](C(=O)N[C@H](C(=O)N[C@@H](CC(C)C)C(=O)N[C@@H](CCC(=O)N(C)C)C(=O)Cn1[nH]c(=O)c2c([N+](=O)[O-])cccc2c1=O)[C@H](C)OCc1ccccc1)C(C)C,822.9170000000001,1.3020000000000063,5.0,12.0,6.221848749616356
CHEMBL406516,inactive,CC(C)C[C@H](NC(=O)[C@@H](NC(=O)[C@H](C)NC(=O)OCc1ccccc1)C(C)C)C(=O)NC(Cc1ccccc1)C(=O)C(F)(F)F,634.6960000000004,3.8319000000000036,4.0,6.0,5.0
CHEMBL2442053,inactive,COc1ncc(-c2ccc(N(Cc3ccsc3)C(=O)Cn3nnc4ccccc43)cc2)cn1,456.5310000000001,4.191800000000003,0.0,8.0,4.903089986991944
CHEMBL2442055,active,COc1ncccc1-c1ccc(N(Cc2ccsc2)C(=O)Cn2nnc3ccccc32)cc1,455.5430000000002,4.796800000000004,0.0,7.0,6.154901959985743
CHEMBL2442056,active,O=C(Cn1nnc2ccccc21)N(Cc1ccsc1)c1ccc(-c2cccnc2)cc1,425.5170000000001,4.788200000000004,0.0,6.0,6.013228265733755
CHEMBL2442057,active,O=C(Cn1nnc2ccccc21)N(Cc1ccsc1)c1ccc(-c2ccccc2)cc1,424.5290000000001,5.393200000000005,0.0,5.0,7.292429823902063
CHEMBL2442061,inactive,CC(C)COC(=O)Nc1ccc(N(Cc2ccsc2)C(=O)Cn2nnc3ccccc32)cc1,463.56300000000016,4.930700000000004,1.0,7.0,4.987162775294828
CHEMBL2442062,inactive,O=C(Nc1ccc(N(Cc2ccsc2)C(=O)Cn2nnc3ccccc32)cc1)C1CCCCC1,473.6020000000003,5.2450000000000045,1.0,6.0,4.655607726314889
CHEMBL2442065,inactive,CC(C)(C)C(=O)Nc1ccc(N(Cc2ccsc2)C(=O)Cn2nnc3ccccc32)cc1,447.5640000000002,4.710800000000003,1.0,6.0,4.876148359032914
CHEMBL2442069,inactive,CC(C)(C)NC(=O)C(c1ccsc1)N(C(=O)Cn1nnc2ccccc21)c1ccc(NC(=O)c2ccno2)cc1,557.6360000000002,4.4223000000000035,2.0,9.0,4.585026652029182
CHEMBL2442075,inactive,CC(C)(C)NC(=O)C(c1ccsc1)N(C(=O)Cn1nnc2ccccc21)c1ccc(NC(=O)C(C)(C)C)cc1,546.6970000000002,5.166600000000005,2.0,7.0,4.647817481888637
CHEMBL2442078,inactive,CC(C)(C)NC(=O)C(c1ccsc1)N(C(=O)Cn1nnc2ccccc21)c1ccc(NS(C)(=O)=O)cc1,540.6710000000002,3.5535000000000023,2.0,8.0,4.5968794788241825
CHEMBL2440138,inactive,CC(C)(C)NC(=O)C(c1ccsc1)N(C(=O)Cn1nnc2ccccc21)c1ccc(N)cc1,462.5790000000002,3.7642000000000024,2.0,7.0,4.698970004336019
CHEMBL2442080,inactive,CC(=O)Nc1ccc(N(C(=O)Cn2cc(-c3ccccc3)nn2)C(C(=O)NC(C)(C)C)c2ccsc2)cc1,530.6540000000002,4.654200000000004,2.0,7.0,4.958607314841775
CHEMBL4465864,inactive,CC(=O)N[C@H](C(=O)NCC(=O)NC1[C@H]2CCCC[C@@H]2CN(C(=O)c2ccc(Br)cc2)[C@@H]1CN[C@H](C=O)Cc1c[nH]cn1)[C@@H](C)O,688.624,0.6893000000000034,6.0,8.0,4.585026652029182
CHEMBL4532437,inactive,CCSC(SCC)[C@H](Cc1c[nH]cn1)NC[C@@H]1C(NC(=O)CNC(=O)[C@@H](NC(C)=O)[C@@H](C)O)[C@H]2CCCC[C@@H]2CN1C(=O)c1ccc(Br)cc1,794.8829999999999,3.3227000000000064,6.0,9.0,3.7569619513137056
CHEMBL4437284,inactive,CON(C)C(=O)[C@H](Cc1c[nH]cn1)NC[C@@H]1C(NC(=O)CNC(=O)[C@@H](NC(C)=O)[C@@H](C)O)[C@H]2CCCC[C@@H]2CN1C(=O)c1ccc(Br)cc1,747.6920000000001,0.5102000000000062,6.0,9.0,3.0
CHEMBL4459894,inactive,CCOC(=O)/C=C/[C@H](Cc1c[nH]cn1)NC[C@@H]1C(NC(=O)CNC(=O)[C@@H](NC(C)=O)[C@@H](C)O)[C@H]2CCCC[C@@H]2CN1C(=O)c1ccc(Br)cc1,758.715,1.6097000000000052,6.0,9.0,2.6989700043360187
CHEMBL4590273,active,Cc1cccc2nc(CSC(=S)NCc3cccnc3)cn12,328.466,3.345620000000001,1.0,5.0,6.416801226031377
CHEMBL5436771,active,S=C([S-])NCc1cccnc1,183.28100000000003,1.003,1.0,3.0,6.782516055786093
CHEMBL2365410,active,CC(C)C[C@H](NC(=O)OCc1ccccc1)C(=O)N[C@@H](CC1CCNC1=O)C(O)S(=O)(=O)O,485.5590000000002,0.544700000000002,5.0,7.0,6.79317412396815
